title,description,status
Ticket 1,This is the description for ticket 1.,closed
Ticket 2,This is the description for ticket 2.,new
Ticket 3,This is the description for ticket 3.,in_progress
Ticket 4,This is the description for ticket 4.,closed
Ticket 5,This is the description for ticket 5.,closed
Ticket 6,This is the description for ticket 6.,in_progress
Ticket 7,This is the description for ticket 7.,new
Ticket 8,This is the description for ticket 8.,in_progress
Ticket 9,This is the description for ticket 9.,in_progress
Ticket 10,This is the description for ticket 10.,resolved
Ticket 11,This is the description for ticket 11.,resolved
Ticket 12,This is the description for ticket 12.,resolved
Ticket 13,This is the description for ticket 13.,in_progress
Ticket 14,This is the description for ticket 14.,resolved
Ticket 15,This is the description for ticket 15.,new
Ticket 16,This is the description for ticket 16.,closed
Ticket 17,This is the description for ticket 17.,closed
Ticket 18,This is the description for ticket 18.,resolved
Ticket 19,This is the description for ticket 19.,new
Ticket 20,This is the description for ticket 20.,new
Ticket 21,This is the description for ticket 21.,new
Ticket 22,This is the description for ticket 22.,closed
Ticket 23,This is the description for ticket 23.,resolved
Ticket 24,This is the description for ticket 24.,closed
Ticket 25,This is the description for ticket 25.,in_progress
Ticket 26,This is the description for ticket 26.,resolved
Ticket 27,This is the description for ticket 27.,resolved
Ticket 28,This is the description for ticket 28.,new
Ticket 29,This is the description for ticket 29.,resolved
Ticket 30,This is the description for ticket 30.,in_progress
Ticket 31,This is the description for ticket 31.,in_progress
Ticket 32,This is the description for ticket 32.,new
Ticket 33,This is the description for ticket 33.,in_progress
Ticket 34,This is the description for ticket 34.,resolved
Ticket 35,This is the description for ticket 35.,new
Ticket 36,This is the description for ticket 36.,closed
Ticket 37,This is the description for ticket 37.,closed
Ticket 38,This is the description for ticket 38.,new
Ticket 39,This is the description for ticket 39.,new
Ticket 40,This is the description for ticket 40.,closed
Ticket 41,This is the description for ticket 41.,closed
Ticket 42,This is the description for ticket 42.,new
Ticket 43,This is the description for ticket 43.,new
Ticket 44,This is the description for ticket 44.,in_progress
Ticket 45,This is the description for ticket 45.,resolved
Ticket 46,This is the description for ticket 46.,new
Ticket 47,This is the description for ticket 47.,resolved
Ticket 48,This is the description for ticket 48.,in_progress
Ticket 49,This is the description for ticket 49.,in_progress
Ticket 50,This is the description for ticket 50.,new
Ticket 51,This is the description for ticket 51.,in_progress
Ticket 52,This is the description for ticket 52.,in_progress
Ticket 53,This is the description for ticket 53.,resolved
Ticket 54,This is the description for ticket 54.,new
Ticket 55,This is the description for ticket 55.,resolved
Ticket 56,This is the description for ticket 56.,new
Ticket 57,This is the description for ticket 57.,closed
Ticket 58,This is the description for ticket 58.,resolved
Ticket 59,This is the description for ticket 59.,resolved
Ticket 60,This is the description for ticket 60.,in_progress
Ticket 61,This is the description for ticket 61.,in_progress
Ticket 62,This is the description for ticket 62.,in_progress
Ticket 63,This is the description for ticket 63.,closed
Ticket 64,This is the description for ticket 64.,in_progress
Ticket 65,This is the description for ticket 65.,new
Ticket 66,This is the description for ticket 66.,in_progress
Ticket 67,This is the description for ticket 67.,new
Ticket 68,This is the description for ticket 68.,closed
Ticket 69,This is the description for ticket 69.,in_progress
Ticket 70,This is the description for ticket 70.,new
Ticket 71,This is the description for ticket 71.,closed
Ticket 72,This is the description for ticket 72.,resolved
Ticket 73,This is the description for ticket 73.,resolved
Ticket 74,This is the description for ticket 74.,in_progress
Ticket 75,This is the description for ticket 75.,in_progress
Ticket 76,This is the description for ticket 76.,resolved
Ticket 77,This is the description for ticket 77.,in_progress
Ticket 78,This is the description for ticket 78.,in_progress
Ticket 79,This is the description for ticket 79.,closed
Ticket 80,This is the description for ticket 80.,new
Ticket 81,This is the description for ticket 81.,resolved
Ticket 82,This is the description for ticket 82.,resolved
Ticket 83,This is the description for ticket 83.,closed
Ticket 84,This is the description for ticket 84.,closed
Ticket 85,This is the description for ticket 85.,closed
Ticket 86,This is the description for ticket 86.,in_progress
Ticket 87,This is the description for ticket 87.,in_progress
Ticket 88,This is the description for ticket 88.,new
Ticket 89,This is the description for ticket 89.,closed
Ticket 90,This is the description for ticket 90.,closed
Ticket 91,This is the description for ticket 91.,in_progress
Ticket 92,This is the description for ticket 92.,closed
Ticket 93,This is the description for ticket 93.,new
Ticket 94,This is the description for ticket 94.,in_progress
Ticket 95,This is the description for ticket 95.,resolved
Ticket 96,This is the description for ticket 96.,new
Ticket 97,This is the description for ticket 97.,in_progress
Ticket 98,This is the description for ticket 98.,resolved
Ticket 99,This is the description for ticket 99.,resolved
Ticket 100,This is the description for ticket 100.,new
Ticket 101,This is the description for ticket 101.,closed
Ticket 102,This is the description for ticket 102.,resolved
Ticket 103,This is the description for ticket 103.,resolved
Ticket 104,This is the description for ticket 104.,closed
Ticket 105,This is the description for ticket 105.,resolved
Ticket 106,This is the description for ticket 106.,new
Ticket 107,This is the description for ticket 107.,in_progress
Ticket 108,This is the description for ticket 108.,in_progress
Ticket 109,This is the description for ticket 109.,in_progress
Ticket 110,This is the description for ticket 110.,closed
Ticket 111,This is the description for ticket 111.,in_progress
Ticket 112,This is the description for ticket 112.,closed
Ticket 113,This is the description for ticket 113.,in_progress
Ticket 114,This is the description for ticket 114.,resolved
Ticket 115,This is the description for ticket 115.,resolved
Ticket 116,This is the description for ticket 116.,closed
Ticket 117,This is the description for ticket 117.,closed
Ticket 118,This is the description for ticket 118.,new
Ticket 119,This is the description for ticket 119.,new
Ticket 120,This is the description for ticket 120.,in_progress
Ticket 121,This is the description for ticket 121.,closed
Ticket 122,This is the description for ticket 122.,new
Ticket 123,This is the description for ticket 123.,in_progress
Ticket 124,This is the description for ticket 124.,resolved
Ticket 125,This is the description for ticket 125.,closed
Ticket 126,This is the description for ticket 126.,new
Ticket 127,This is the description for ticket 127.,new
Ticket 128,This is the description for ticket 128.,new
Ticket 129,This is the description for ticket 129.,in_progress
Ticket 130,This is the description for ticket 130.,resolved
Ticket 131,This is the description for ticket 131.,resolved
Ticket 132,This is the description for ticket 132.,new
Ticket 133,This is the description for ticket 133.,new
Ticket 134,This is the description for ticket 134.,in_progress
Ticket 135,This is the description for ticket 135.,closed
Ticket 136,This is the description for ticket 136.,new
Ticket 137,This is the description for ticket 137.,resolved
Ticket 138,This is the description for ticket 138.,resolved
Ticket 139,This is the description for ticket 139.,closed
Ticket 140,This is the description for ticket 140.,new
Ticket 141,This is the description for ticket 141.,closed
Ticket 142,This is the description for ticket 142.,closed
Ticket 143,This is the description for ticket 143.,closed
Ticket 144,This is the description for ticket 144.,new
Ticket 145,This is the description for ticket 145.,resolved
Ticket 146,This is the description for ticket 146.,resolved
Ticket 147,This is the description for ticket 147.,new
Ticket 148,This is the description for ticket 148.,new
Ticket 149,This is the description for ticket 149.,resolved
Ticket 150,This is the description for ticket 150.,in_progress
Ticket 151,This is the description for ticket 151.,closed
Ticket 152,This is the description for ticket 152.,new
Ticket 153,This is the description for ticket 153.,closed
Ticket 154,This is the description for ticket 154.,closed
Ticket 155,This is the description for ticket 155.,resolved
Ticket 156,This is the description for ticket 156.,closed
Ticket 157,This is the description for ticket 157.,in_progress
Ticket 158,This is the description for ticket 158.,in_progress
Ticket 159,This is the description for ticket 159.,closed
Ticket 160,This is the description for ticket 160.,closed
Ticket 161,This is the description for ticket 161.,resolved
Ticket 162,This is the description for ticket 162.,new
Ticket 163,This is the description for ticket 163.,closed
Ticket 164,This is the description for ticket 164.,in_progress
Ticket 165,This is the description for ticket 165.,new
Ticket 166,This is the description for ticket 166.,resolved
Ticket 167,This is the description for ticket 167.,new
Ticket 168,This is the description for ticket 168.,closed
Ticket 169,This is the description for ticket 169.,resolved
Ticket 170,This is the description for ticket 170.,closed
Ticket 171,This is the description for ticket 171.,resolved
Ticket 172,This is the description for ticket 172.,in_progress
Ticket 173,This is the description for ticket 173.,closed
Ticket 174,This is the description for ticket 174.,new
Ticket 175,This is the description for ticket 175.,closed
Ticket 176,This is the description for ticket 176.,in_progress
Ticket 177,This is the description for ticket 177.,closed
Ticket 178,This is the description for ticket 178.,in_progress
Ticket 179,This is the description for ticket 179.,resolved
Ticket 180,This is the description for ticket 180.,in_progress
Ticket 181,This is the description for ticket 181.,closed
Ticket 182,This is the description for ticket 182.,resolved
Ticket 183,This is the description for ticket 183.,new
Ticket 184,This is the description for ticket 184.,in_progress
Ticket 185,This is the description for ticket 185.,in_progress
Ticket 186,This is the description for ticket 186.,resolved
Ticket 187,This is the description for ticket 187.,resolved
Ticket 188,This is the description for ticket 188.,resolved
Ticket 189,This is the description for ticket 189.,closed
Ticket 190,This is the description for ticket 190.,new
Ticket 191,This is the description for ticket 191.,in_progress
Ticket 192,This is the description for ticket 192.,in_progress
Ticket 193,This is the description for ticket 193.,resolved
Ticket 194,This is the description for ticket 194.,in_progress
Ticket 195,This is the description for ticket 195.,resolved
Ticket 196,This is the description for ticket 196.,resolved
Ticket 197,This is the description for ticket 197.,in_progress
Ticket 198,This is the description for ticket 198.,closed
Ticket 199,This is the description for ticket 199.,resolved
Ticket 200,This is the description for ticket 200.,closed
Ticket 201,This is the description for ticket 201.,in_progress
Ticket 202,This is the description for ticket 202.,resolved
Ticket 203,This is the description for ticket 203.,closed
Ticket 204,This is the description for ticket 204.,resolved
Ticket 205,This is the description for ticket 205.,closed
Ticket 206,This is the description for ticket 206.,new
Ticket 207,This is the description for ticket 207.,resolved
Ticket 208,This is the description for ticket 208.,new
Ticket 209,This is the description for ticket 209.,new
Ticket 210,This is the description for ticket 210.,in_progress
Ticket 211,This is the description for ticket 211.,closed
Ticket 212,This is the description for ticket 212.,in_progress
Ticket 213,This is the description for ticket 213.,in_progress
Ticket 214,This is the description for ticket 214.,resolved
Ticket 215,This is the description for ticket 215.,resolved
Ticket 216,This is the description for ticket 216.,resolved
Ticket 217,This is the description for ticket 217.,in_progress
Ticket 218,This is the description for ticket 218.,new
Ticket 219,This is the description for ticket 219.,resolved
Ticket 220,This is the description for ticket 220.,new
Ticket 221,This is the description for ticket 221.,resolved
Ticket 222,This is the description for ticket 222.,in_progress
Ticket 223,This is the description for ticket 223.,closed
Ticket 224,This is the description for ticket 224.,new
Ticket 225,This is the description for ticket 225.,resolved
Ticket 226,This is the description for ticket 226.,resolved
Ticket 227,This is the description for ticket 227.,closed
Ticket 228,This is the description for ticket 228.,closed
Ticket 229,This is the description for ticket 229.,closed
Ticket 230,This is the description for ticket 230.,resolved
Ticket 231,This is the description for ticket 231.,in_progress
Ticket 232,This is the description for ticket 232.,in_progress
Ticket 233,This is the description for ticket 233.,new
Ticket 234,This is the description for ticket 234.,closed
Ticket 235,This is the description for ticket 235.,closed
Ticket 236,This is the description for ticket 236.,resolved
Ticket 237,This is the description for ticket 237.,resolved
Ticket 238,This is the description for ticket 238.,resolved
Ticket 239,This is the description for ticket 239.,new
Ticket 240,This is the description for ticket 240.,new
Ticket 241,This is the description for ticket 241.,resolved
Ticket 242,This is the description for ticket 242.,in_progress
Ticket 243,This is the description for ticket 243.,closed
Ticket 244,This is the description for ticket 244.,new
Ticket 245,This is the description for ticket 245.,resolved
Ticket 246,This is the description for ticket 246.,new
Ticket 247,This is the description for ticket 247.,new
Ticket 248,This is the description for ticket 248.,new
Ticket 249,This is the description for ticket 249.,resolved
Ticket 250,This is the description for ticket 250.,new
Ticket 251,This is the description for ticket 251.,closed
Ticket 252,This is the description for ticket 252.,resolved
Ticket 253,This is the description for ticket 253.,closed
Ticket 254,This is the description for ticket 254.,resolved
Ticket 255,This is the description for ticket 255.,closed
Ticket 256,This is the description for ticket 256.,closed
Ticket 257,This is the description for ticket 257.,closed
Ticket 258,This is the description for ticket 258.,closed
Ticket 259,This is the description for ticket 259.,new
Ticket 260,This is the description for ticket 260.,resolved
Ticket 261,This is the description for ticket 261.,closed
Ticket 262,This is the description for ticket 262.,resolved
Ticket 263,This is the description for ticket 263.,new
Ticket 264,This is the description for ticket 264.,resolved
Ticket 265,This is the description for ticket 265.,closed
Ticket 266,This is the description for ticket 266.,resolved
Ticket 267,This is the description for ticket 267.,in_progress
Ticket 268,This is the description for ticket 268.,in_progress
Ticket 269,This is the description for ticket 269.,resolved
Ticket 270,This is the description for ticket 270.,new
Ticket 271,This is the description for ticket 271.,new
Ticket 272,This is the description for ticket 272.,new
Ticket 273,This is the description for ticket 273.,in_progress
Ticket 274,This is the description for ticket 274.,new
Ticket 275,This is the description for ticket 275.,resolved
Ticket 276,This is the description for ticket 276.,resolved
Ticket 277,This is the description for ticket 277.,resolved
Ticket 278,This is the description for ticket 278.,closed
Ticket 279,This is the description for ticket 279.,resolved
Ticket 280,This is the description for ticket 280.,new
Ticket 281,This is the description for ticket 281.,closed
Ticket 282,This is the description for ticket 282.,in_progress
Ticket 283,This is the description for ticket 283.,closed
Ticket 284,This is the description for ticket 284.,resolved
Ticket 285,This is the description for ticket 285.,in_progress
Ticket 286,This is the description for ticket 286.,resolved
Ticket 287,This is the description for ticket 287.,closed
Ticket 288,This is the description for ticket 288.,new
Ticket 289,This is the description for ticket 289.,new
Ticket 290,This is the description for ticket 290.,resolved
Ticket 291,This is the description for ticket 291.,new
Ticket 292,This is the description for ticket 292.,new
Ticket 293,This is the description for ticket 293.,new
Ticket 294,This is the description for ticket 294.,new
Ticket 295,This is the description for ticket 295.,in_progress
Ticket 296,This is the description for ticket 296.,new
Ticket 297,This is the description for ticket 297.,resolved
Ticket 298,This is the description for ticket 298.,in_progress
Ticket 299,This is the description for ticket 299.,closed
Ticket 300,This is the description for ticket 300.,in_progress
Ticket 301,This is the description for ticket 301.,resolved
Ticket 302,This is the description for ticket 302.,new
Ticket 303,This is the description for ticket 303.,new
Ticket 304,This is the description for ticket 304.,resolved
Ticket 305,This is the description for ticket 305.,new
Ticket 306,This is the description for ticket 306.,new
Ticket 307,This is the description for ticket 307.,in_progress
Ticket 308,This is the description for ticket 308.,in_progress
Ticket 309,This is the description for ticket 309.,new
Ticket 310,This is the description for ticket 310.,in_progress
Ticket 311,This is the description for ticket 311.,new
Ticket 312,This is the description for ticket 312.,resolved
Ticket 313,This is the description for ticket 313.,closed
Ticket 314,This is the description for ticket 314.,resolved
Ticket 315,This is the description for ticket 315.,new
Ticket 316,This is the description for ticket 316.,closed
Ticket 317,This is the description for ticket 317.,in_progress
Ticket 318,This is the description for ticket 318.,closed
Ticket 319,This is the description for ticket 319.,in_progress
Ticket 320,This is the description for ticket 320.,resolved
Ticket 321,This is the description for ticket 321.,new
Ticket 322,This is the description for ticket 322.,new
Ticket 323,This is the description for ticket 323.,new
Ticket 324,This is the description for ticket 324.,in_progress
Ticket 325,This is the description for ticket 325.,closed
Ticket 326,This is the description for ticket 326.,in_progress
Ticket 327,This is the description for ticket 327.,in_progress
Ticket 328,This is the description for ticket 328.,new
Ticket 329,This is the description for ticket 329.,new
Ticket 330,This is the description for ticket 330.,closed
Ticket 331,This is the description for ticket 331.,closed
Ticket 332,This is the description for ticket 332.,in_progress
Ticket 333,This is the description for ticket 333.,resolved
Ticket 334,This is the description for ticket 334.,resolved
Ticket 335,This is the description for ticket 335.,resolved
Ticket 336,This is the description for ticket 336.,closed
Ticket 337,This is the description for ticket 337.,closed
Ticket 338,This is the description for ticket 338.,resolved
Ticket 339,This is the description for ticket 339.,in_progress
Ticket 340,This is the description for ticket 340.,closed
Ticket 341,This is the description for ticket 341.,new
Ticket 342,This is the description for ticket 342.,closed
Ticket 343,This is the description for ticket 343.,in_progress
Ticket 344,This is the description for ticket 344.,in_progress
Ticket 345,This is the description for ticket 345.,resolved
Ticket 346,This is the description for ticket 346.,closed
Ticket 347,This is the description for ticket 347.,resolved
Ticket 348,This is the description for ticket 348.,new
Ticket 349,This is the description for ticket 349.,new
Ticket 350,This is the description for ticket 350.,in_progress
Ticket 351,This is the description for ticket 351.,in_progress
Ticket 352,This is the description for ticket 352.,in_progress
Ticket 353,This is the description for ticket 353.,resolved
Ticket 354,This is the description for ticket 354.,new
Ticket 355,This is the description for ticket 355.,in_progress
Ticket 356,This is the description for ticket 356.,new
Ticket 357,This is the description for ticket 357.,in_progress
Ticket 358,This is the description for ticket 358.,new
Ticket 359,This is the description for ticket 359.,new
Ticket 360,This is the description for ticket 360.,closed
Ticket 361,This is the description for ticket 361.,new
Ticket 362,This is the description for ticket 362.,resolved
Ticket 363,This is the description for ticket 363.,new
Ticket 364,This is the description for ticket 364.,closed
Ticket 365,This is the description for ticket 365.,closed
Ticket 366,This is the description for ticket 366.,closed
Ticket 367,This is the description for ticket 367.,in_progress
Ticket 368,This is the description for ticket 368.,closed
Ticket 369,This is the description for ticket 369.,closed
Ticket 370,This is the description for ticket 370.,resolved
Ticket 371,This is the description for ticket 371.,resolved
Ticket 372,This is the description for ticket 372.,new
Ticket 373,This is the description for ticket 373.,closed
Ticket 374,This is the description for ticket 374.,resolved
Ticket 375,This is the description for ticket 375.,in_progress
Ticket 376,This is the description for ticket 376.,in_progress
Ticket 377,This is the description for ticket 377.,in_progress
Ticket 378,This is the description for ticket 378.,new
Ticket 379,This is the description for ticket 379.,in_progress
Ticket 380,This is the description for ticket 380.,in_progress
Ticket 381,This is the description for ticket 381.,new
Ticket 382,This is the description for ticket 382.,resolved
Ticket 383,This is the description for ticket 383.,in_progress
Ticket 384,This is the description for ticket 384.,resolved
Ticket 385,This is the description for ticket 385.,resolved
Ticket 386,This is the description for ticket 386.,new
Ticket 387,This is the description for ticket 387.,in_progress
Ticket 388,This is the description for ticket 388.,closed
Ticket 389,This is the description for ticket 389.,closed
Ticket 390,This is the description for ticket 390.,closed
Ticket 391,This is the description for ticket 391.,resolved
Ticket 392,This is the description for ticket 392.,resolved
Ticket 393,This is the description for ticket 393.,in_progress
Ticket 394,This is the description for ticket 394.,in_progress
Ticket 395,This is the description for ticket 395.,closed
Ticket 396,This is the description for ticket 396.,in_progress
Ticket 397,This is the description for ticket 397.,in_progress
Ticket 398,This is the description for ticket 398.,resolved
Ticket 399,This is the description for ticket 399.,in_progress
Ticket 400,This is the description for ticket 400.,closed
Ticket 401,This is the description for ticket 401.,new
Ticket 402,This is the description for ticket 402.,closed
Ticket 403,This is the description for ticket 403.,resolved
Ticket 404,This is the description for ticket 404.,resolved
Ticket 405,This is the description for ticket 405.,resolved
Ticket 406,This is the description for ticket 406.,in_progress
Ticket 407,This is the description for ticket 407.,closed
Ticket 408,This is the description for ticket 408.,new
Ticket 409,This is the description for ticket 409.,closed
Ticket 410,This is the description for ticket 410.,resolved
Ticket 411,This is the description for ticket 411.,new
Ticket 412,This is the description for ticket 412.,closed
Ticket 413,This is the description for ticket 413.,resolved
Ticket 414,This is the description for ticket 414.,in_progress
Ticket 415,This is the description for ticket 415.,new
Ticket 416,This is the description for ticket 416.,in_progress
Ticket 417,This is the description for ticket 417.,in_progress
Ticket 418,This is the description for ticket 418.,closed
Ticket 419,This is the description for ticket 419.,new
Ticket 420,This is the description for ticket 420.,closed
Ticket 421,This is the description for ticket 421.,resolved
Ticket 422,This is the description for ticket 422.,in_progress
Ticket 423,This is the description for ticket 423.,new
Ticket 424,This is the description for ticket 424.,new
Ticket 425,This is the description for ticket 425.,in_progress
Ticket 426,This is the description for ticket 426.,in_progress
Ticket 427,This is the description for ticket 427.,closed
Ticket 428,This is the description for ticket 428.,closed
Ticket 429,This is the description for ticket 429.,resolved
Ticket 430,This is the description for ticket 430.,closed
Ticket 431,This is the description for ticket 431.,resolved
Ticket 432,This is the description for ticket 432.,new
Ticket 433,This is the description for ticket 433.,in_progress
Ticket 434,This is the description for ticket 434.,resolved
Ticket 435,This is the description for ticket 435.,resolved
Ticket 436,This is the description for ticket 436.,in_progress
Ticket 437,This is the description for ticket 437.,resolved
Ticket 438,This is the description for ticket 438.,closed
Ticket 439,This is the description for ticket 439.,resolved
Ticket 440,This is the description for ticket 440.,in_progress
Ticket 441,This is the description for ticket 441.,new
Ticket 442,This is the description for ticket 442.,new
Ticket 443,This is the description for ticket 443.,new
Ticket 444,This is the description for ticket 444.,new
Ticket 445,This is the description for ticket 445.,resolved
Ticket 446,This is the description for ticket 446.,resolved
Ticket 447,This is the description for ticket 447.,closed
Ticket 448,This is the description for ticket 448.,closed
Ticket 449,This is the description for ticket 449.,in_progress
Ticket 450,This is the description for ticket 450.,new
Ticket 451,This is the description for ticket 451.,new
Ticket 452,This is the description for ticket 452.,closed
Ticket 453,This is the description for ticket 453.,closed
Ticket 454,This is the description for ticket 454.,in_progress
Ticket 455,This is the description for ticket 455.,in_progress
Ticket 456,This is the description for ticket 456.,in_progress
Ticket 457,This is the description for ticket 457.,closed
Ticket 458,This is the description for ticket 458.,in_progress
Ticket 459,This is the description for ticket 459.,resolved
Ticket 460,This is the description for ticket 460.,closed
Ticket 461,This is the description for ticket 461.,closed
Ticket 462,This is the description for ticket 462.,in_progress
Ticket 463,This is the description for ticket 463.,resolved
Ticket 464,This is the description for ticket 464.,resolved
Ticket 465,This is the description for ticket 465.,in_progress
Ticket 466,This is the description for ticket 466.,new
Ticket 467,This is the description for ticket 467.,closed
Ticket 468,This is the description for ticket 468.,closed
Ticket 469,This is the description for ticket 469.,closed
Ticket 470,This is the description for ticket 470.,closed
Ticket 471,This is the description for ticket 471.,in_progress
Ticket 472,This is the description for ticket 472.,resolved
Ticket 473,This is the description for ticket 473.,new
Ticket 474,This is the description for ticket 474.,resolved
Ticket 475,This is the description for ticket 475.,in_progress
Ticket 476,This is the description for ticket 476.,in_progress
Ticket 477,This is the description for ticket 477.,closed
Ticket 478,This is the description for ticket 478.,in_progress
Ticket 479,This is the description for ticket 479.,resolved
Ticket 480,This is the description for ticket 480.,in_progress
Ticket 481,This is the description for ticket 481.,in_progress
Ticket 482,This is the description for ticket 482.,in_progress
Ticket 483,This is the description for ticket 483.,new
Ticket 484,This is the description for ticket 484.,resolved
Ticket 485,This is the description for ticket 485.,new
Ticket 486,This is the description for ticket 486.,in_progress
Ticket 487,This is the description for ticket 487.,new
Ticket 488,This is the description for ticket 488.,in_progress
Ticket 489,This is the description for ticket 489.,resolved
Ticket 490,This is the description for ticket 490.,resolved
Ticket 491,This is the description for ticket 491.,in_progress
Ticket 492,This is the description for ticket 492.,in_progress
Ticket 493,This is the description for ticket 493.,closed
Ticket 494,This is the description for ticket 494.,new
Ticket 495,This is the description for ticket 495.,closed
Ticket 496,This is the description for ticket 496.,new
Ticket 497,This is the description for ticket 497.,resolved
Ticket 498,This is the description for ticket 498.,resolved
Ticket 499,This is the description for ticket 499.,closed
Ticket 500,This is the description for ticket 500.,in_progress
Ticket 501,This is the description for ticket 501.,new
Ticket 502,This is the description for ticket 502.,new
Ticket 503,This is the description for ticket 503.,closed
Ticket 504,This is the description for ticket 504.,new
Ticket 505,This is the description for ticket 505.,new
Ticket 506,This is the description for ticket 506.,new
Ticket 507,This is the description for ticket 507.,in_progress
Ticket 508,This is the description for ticket 508.,in_progress
Ticket 509,This is the description for ticket 509.,new
Ticket 510,This is the description for ticket 510.,new
Ticket 511,This is the description for ticket 511.,closed
Ticket 512,This is the description for ticket 512.,new
Ticket 513,This is the description for ticket 513.,resolved
Ticket 514,This is the description for ticket 514.,closed
Ticket 515,This is the description for ticket 515.,closed
Ticket 516,This is the description for ticket 516.,in_progress
Ticket 517,This is the description for ticket 517.,in_progress
Ticket 518,This is the description for ticket 518.,closed
Ticket 519,This is the description for ticket 519.,new
Ticket 520,This is the description for ticket 520.,closed
Ticket 521,This is the description for ticket 521.,in_progress
Ticket 522,This is the description for ticket 522.,resolved
Ticket 523,This is the description for ticket 523.,closed
Ticket 524,This is the description for ticket 524.,in_progress
Ticket 525,This is the description for ticket 525.,resolved
Ticket 526,This is the description for ticket 526.,resolved
Ticket 527,This is the description for ticket 527.,closed
Ticket 528,This is the description for ticket 528.,closed
Ticket 529,This is the description for ticket 529.,new
Ticket 530,This is the description for ticket 530.,closed
Ticket 531,This is the description for ticket 531.,closed
Ticket 532,This is the description for ticket 532.,resolved
Ticket 533,This is the description for ticket 533.,resolved
Ticket 534,This is the description for ticket 534.,in_progress
Ticket 535,This is the description for ticket 535.,resolved
Ticket 536,This is the description for ticket 536.,closed
Ticket 537,This is the description for ticket 537.,new
Ticket 538,This is the description for ticket 538.,resolved
Ticket 539,This is the description for ticket 539.,in_progress
Ticket 540,This is the description for ticket 540.,closed
Ticket 541,This is the description for ticket 541.,resolved
Ticket 542,This is the description for ticket 542.,resolved
Ticket 543,This is the description for ticket 543.,new
Ticket 544,This is the description for ticket 544.,closed
Ticket 545,This is the description for ticket 545.,new
Ticket 546,This is the description for ticket 546.,in_progress
Ticket 547,This is the description for ticket 547.,new
Ticket 548,This is the description for ticket 548.,closed
Ticket 549,This is the description for ticket 549.,new
Ticket 550,This is the description for ticket 550.,in_progress
Ticket 551,This is the description for ticket 551.,closed
Ticket 552,This is the description for ticket 552.,in_progress
Ticket 553,This is the description for ticket 553.,resolved
Ticket 554,This is the description for ticket 554.,resolved
Ticket 555,This is the description for ticket 555.,in_progress
Ticket 556,This is the description for ticket 556.,in_progress
Ticket 557,This is the description for ticket 557.,resolved
Ticket 558,This is the description for ticket 558.,new
Ticket 559,This is the description for ticket 559.,resolved
Ticket 560,This is the description for ticket 560.,new
Ticket 561,This is the description for ticket 561.,new
Ticket 562,This is the description for ticket 562.,in_progress
Ticket 563,This is the description for ticket 563.,resolved
Ticket 564,This is the description for ticket 564.,new
Ticket 565,This is the description for ticket 565.,new
Ticket 566,This is the description for ticket 566.,new
Ticket 567,This is the description for ticket 567.,closed
Ticket 568,This is the description for ticket 568.,new
Ticket 569,This is the description for ticket 569.,in_progress
Ticket 570,This is the description for ticket 570.,resolved
Ticket 571,This is the description for ticket 571.,new
Ticket 572,This is the description for ticket 572.,resolved
Ticket 573,This is the description for ticket 573.,resolved
Ticket 574,This is the description for ticket 574.,resolved
Ticket 575,This is the description for ticket 575.,new
Ticket 576,This is the description for ticket 576.,new
Ticket 577,This is the description for ticket 577.,in_progress
Ticket 578,This is the description for ticket 578.,closed
Ticket 579,This is the description for ticket 579.,in_progress
Ticket 580,This is the description for ticket 580.,resolved
Ticket 581,This is the description for ticket 581.,in_progress
Ticket 582,This is the description for ticket 582.,in_progress
Ticket 583,This is the description for ticket 583.,in_progress
Ticket 584,This is the description for ticket 584.,new
Ticket 585,This is the description for ticket 585.,resolved
Ticket 586,This is the description for ticket 586.,resolved
Ticket 587,This is the description for ticket 587.,in_progress
Ticket 588,This is the description for ticket 588.,new
Ticket 589,This is the description for ticket 589.,new
Ticket 590,This is the description for ticket 590.,closed
Ticket 591,This is the description for ticket 591.,resolved
Ticket 592,This is the description for ticket 592.,new
Ticket 593,This is the description for ticket 593.,closed
Ticket 594,This is the description for ticket 594.,in_progress
Ticket 595,This is the description for ticket 595.,in_progress
Ticket 596,This is the description for ticket 596.,closed
Ticket 597,This is the description for ticket 597.,new
Ticket 598,This is the description for ticket 598.,closed
Ticket 599,This is the description for ticket 599.,new
Ticket 600,This is the description for ticket 600.,new
Ticket 601,This is the description for ticket 601.,new
Ticket 602,This is the description for ticket 602.,resolved
Ticket 603,This is the description for ticket 603.,in_progress
Ticket 604,This is the description for ticket 604.,new
Ticket 605,This is the description for ticket 605.,resolved
Ticket 606,This is the description for ticket 606.,in_progress
Ticket 607,This is the description for ticket 607.,new
Ticket 608,This is the description for ticket 608.,resolved
Ticket 609,This is the description for ticket 609.,resolved
Ticket 610,This is the description for ticket 610.,closed
Ticket 611,This is the description for ticket 611.,closed
Ticket 612,This is the description for ticket 612.,in_progress
Ticket 613,This is the description for ticket 613.,closed
Ticket 614,This is the description for ticket 614.,new
Ticket 615,This is the description for ticket 615.,in_progress
Ticket 616,This is the description for ticket 616.,in_progress
Ticket 617,This is the description for ticket 617.,new
Ticket 618,This is the description for ticket 618.,closed
Ticket 619,This is the description for ticket 619.,resolved
Ticket 620,This is the description for ticket 620.,resolved
Ticket 621,This is the description for ticket 621.,in_progress
Ticket 622,This is the description for ticket 622.,new
Ticket 623,This is the description for ticket 623.,in_progress
Ticket 624,This is the description for ticket 624.,new
Ticket 625,This is the description for ticket 625.,new
Ticket 626,This is the description for ticket 626.,resolved
Ticket 627,This is the description for ticket 627.,closed
Ticket 628,This is the description for ticket 628.,resolved
Ticket 629,This is the description for ticket 629.,resolved
Ticket 630,This is the description for ticket 630.,resolved
Ticket 631,This is the description for ticket 631.,new
Ticket 632,This is the description for ticket 632.,new
Ticket 633,This is the description for ticket 633.,new
Ticket 634,This is the description for ticket 634.,in_progress
Ticket 635,This is the description for ticket 635.,closed
Ticket 636,This is the description for ticket 636.,in_progress
Ticket 637,This is the description for ticket 637.,in_progress
Ticket 638,This is the description for ticket 638.,resolved
Ticket 639,This is the description for ticket 639.,resolved
Ticket 640,This is the description for ticket 640.,closed
Ticket 641,This is the description for ticket 641.,resolved
Ticket 642,This is the description for ticket 642.,new
Ticket 643,This is the description for ticket 643.,closed
Ticket 644,This is the description for ticket 644.,new
Ticket 645,This is the description for ticket 645.,closed
Ticket 646,This is the description for ticket 646.,resolved
Ticket 647,This is the description for ticket 647.,closed
Ticket 648,This is the description for ticket 648.,resolved
Ticket 649,This is the description for ticket 649.,new
Ticket 650,This is the description for ticket 650.,new
Ticket 651,This is the description for ticket 651.,resolved
Ticket 652,This is the description for ticket 652.,closed
Ticket 653,This is the description for ticket 653.,in_progress
Ticket 654,This is the description for ticket 654.,new
Ticket 655,This is the description for ticket 655.,closed
Ticket 656,This is the description for ticket 656.,closed
Ticket 657,This is the description for ticket 657.,resolved
Ticket 658,This is the description for ticket 658.,closed
Ticket 659,This is the description for ticket 659.,in_progress
Ticket 660,This is the description for ticket 660.,new
Ticket 661,This is the description for ticket 661.,resolved
Ticket 662,This is the description for ticket 662.,closed
Ticket 663,This is the description for ticket 663.,in_progress
Ticket 664,This is the description for ticket 664.,in_progress
Ticket 665,This is the description for ticket 665.,new
Ticket 666,This is the description for ticket 666.,resolved
Ticket 667,This is the description for ticket 667.,in_progress
Ticket 668,This is the description for ticket 668.,closed
Ticket 669,This is the description for ticket 669.,closed
Ticket 670,This is the description for ticket 670.,closed
Ticket 671,This is the description for ticket 671.,closed
Ticket 672,This is the description for ticket 672.,closed
Ticket 673,This is the description for ticket 673.,closed
Ticket 674,This is the description for ticket 674.,resolved
Ticket 675,This is the description for ticket 675.,resolved
Ticket 676,This is the description for ticket 676.,closed
Ticket 677,This is the description for ticket 677.,resolved
Ticket 678,This is the description for ticket 678.,resolved
Ticket 679,This is the description for ticket 679.,closed
Ticket 680,This is the description for ticket 680.,new
Ticket 681,This is the description for ticket 681.,closed
Ticket 682,This is the description for ticket 682.,new
Ticket 683,This is the description for ticket 683.,resolved
Ticket 684,This is the description for ticket 684.,resolved
Ticket 685,This is the description for ticket 685.,resolved
Ticket 686,This is the description for ticket 686.,in_progress
Ticket 687,This is the description for ticket 687.,resolved
Ticket 688,This is the description for ticket 688.,in_progress
Ticket 689,This is the description for ticket 689.,new
Ticket 690,This is the description for ticket 690.,in_progress
Ticket 691,This is the description for ticket 691.,in_progress
Ticket 692,This is the description for ticket 692.,new
Ticket 693,This is the description for ticket 693.,resolved
Ticket 694,This is the description for ticket 694.,closed
Ticket 695,This is the description for ticket 695.,in_progress
Ticket 696,This is the description for ticket 696.,closed
Ticket 697,This is the description for ticket 697.,new
Ticket 698,This is the description for ticket 698.,resolved
Ticket 699,This is the description for ticket 699.,in_progress
Ticket 700,This is the description for ticket 700.,in_progress
Ticket 701,This is the description for ticket 701.,in_progress
Ticket 702,This is the description for ticket 702.,closed
Ticket 703,This is the description for ticket 703.,closed
Ticket 704,This is the description for ticket 704.,new
Ticket 705,This is the description for ticket 705.,closed
Ticket 706,This is the description for ticket 706.,new
Ticket 707,This is the description for ticket 707.,closed
Ticket 708,This is the description for ticket 708.,new
Ticket 709,This is the description for ticket 709.,new
Ticket 710,This is the description for ticket 710.,new
Ticket 711,This is the description for ticket 711.,closed
Ticket 712,This is the description for ticket 712.,in_progress
Ticket 713,This is the description for ticket 713.,in_progress
Ticket 714,This is the description for ticket 714.,closed
Ticket 715,This is the description for ticket 715.,closed
Ticket 716,This is the description for ticket 716.,resolved
Ticket 717,This is the description for ticket 717.,resolved
Ticket 718,This is the description for ticket 718.,resolved
Ticket 719,This is the description for ticket 719.,in_progress
Ticket 720,This is the description for ticket 720.,resolved
Ticket 721,This is the description for ticket 721.,new
Ticket 722,This is the description for ticket 722.,closed
Ticket 723,This is the description for ticket 723.,new
Ticket 724,This is the description for ticket 724.,in_progress
Ticket 725,This is the description for ticket 725.,in_progress
Ticket 726,This is the description for ticket 726.,new
Ticket 727,This is the description for ticket 727.,closed
Ticket 728,This is the description for ticket 728.,in_progress
Ticket 729,This is the description for ticket 729.,closed
Ticket 730,This is the description for ticket 730.,in_progress
Ticket 731,This is the description for ticket 731.,new
Ticket 732,This is the description for ticket 732.,resolved
Ticket 733,This is the description for ticket 733.,in_progress
Ticket 734,This is the description for ticket 734.,resolved
Ticket 735,This is the description for ticket 735.,new
Ticket 736,This is the description for ticket 736.,in_progress
Ticket 737,This is the description for ticket 737.,new
Ticket 738,This is the description for ticket 738.,resolved
Ticket 739,This is the description for ticket 739.,new
Ticket 740,This is the description for ticket 740.,closed
Ticket 741,This is the description for ticket 741.,closed
Ticket 742,This is the description for ticket 742.,in_progress
Ticket 743,This is the description for ticket 743.,new
Ticket 744,This is the description for ticket 744.,resolved
Ticket 745,This is the description for ticket 745.,new
Ticket 746,This is the description for ticket 746.,in_progress
Ticket 747,This is the description for ticket 747.,new
Ticket 748,This is the description for ticket 748.,in_progress
Ticket 749,This is the description for ticket 749.,in_progress
Ticket 750,This is the description for ticket 750.,in_progress
Ticket 751,This is the description for ticket 751.,in_progress
Ticket 752,This is the description for ticket 752.,new
Ticket 753,This is the description for ticket 753.,new
Ticket 754,This is the description for ticket 754.,resolved
Ticket 755,This is the description for ticket 755.,in_progress
Ticket 756,This is the description for ticket 756.,closed
Ticket 757,This is the description for ticket 757.,in_progress
Ticket 758,This is the description for ticket 758.,closed
Ticket 759,This is the description for ticket 759.,new
Ticket 760,This is the description for ticket 760.,closed
Ticket 761,This is the description for ticket 761.,resolved
Ticket 762,This is the description for ticket 762.,resolved
Ticket 763,This is the description for ticket 763.,in_progress
Ticket 764,This is the description for ticket 764.,new
Ticket 765,This is the description for ticket 765.,new
Ticket 766,This is the description for ticket 766.,in_progress
Ticket 767,This is the description for ticket 767.,in_progress
Ticket 768,This is the description for ticket 768.,new
Ticket 769,This is the description for ticket 769.,new
Ticket 770,This is the description for ticket 770.,new
Ticket 771,This is the description for ticket 771.,new
Ticket 772,This is the description for ticket 772.,resolved
Ticket 773,This is the description for ticket 773.,in_progress
Ticket 774,This is the description for ticket 774.,in_progress
Ticket 775,This is the description for ticket 775.,closed
Ticket 776,This is the description for ticket 776.,closed
Ticket 777,This is the description for ticket 777.,in_progress
Ticket 778,This is the description for ticket 778.,closed
Ticket 779,This is the description for ticket 779.,new
Ticket 780,This is the description for ticket 780.,new
Ticket 781,This is the description for ticket 781.,closed
Ticket 782,This is the description for ticket 782.,new
Ticket 783,This is the description for ticket 783.,resolved
Ticket 784,This is the description for ticket 784.,new
Ticket 785,This is the description for ticket 785.,in_progress
Ticket 786,This is the description for ticket 786.,in_progress
Ticket 787,This is the description for ticket 787.,new
Ticket 788,This is the description for ticket 788.,resolved
Ticket 789,This is the description for ticket 789.,in_progress
Ticket 790,This is the description for ticket 790.,new
Ticket 791,This is the description for ticket 791.,resolved
Ticket 792,This is the description for ticket 792.,resolved
Ticket 793,This is the description for ticket 793.,in_progress
Ticket 794,This is the description for ticket 794.,resolved
Ticket 795,This is the description for ticket 795.,resolved
Ticket 796,This is the description for ticket 796.,closed
Ticket 797,This is the description for ticket 797.,resolved
Ticket 798,This is the description for ticket 798.,resolved
Ticket 799,This is the description for ticket 799.,resolved
Ticket 800,This is the description for ticket 800.,closed
Ticket 801,This is the description for ticket 801.,new
Ticket 802,This is the description for ticket 802.,new
Ticket 803,This is the description for ticket 803.,closed
Ticket 804,This is the description for ticket 804.,in_progress
Ticket 805,This is the description for ticket 805.,in_progress
Ticket 806,This is the description for ticket 806.,resolved
Ticket 807,This is the description for ticket 807.,closed
Ticket 808,This is the description for ticket 808.,closed
Ticket 809,This is the description for ticket 809.,closed
Ticket 810,This is the description for ticket 810.,resolved
Ticket 811,This is the description for ticket 811.,closed
Ticket 812,This is the description for ticket 812.,closed
Ticket 813,This is the description for ticket 813.,closed
Ticket 814,This is the description for ticket 814.,resolved
Ticket 815,This is the description for ticket 815.,new
Ticket 816,This is the description for ticket 816.,in_progress
Ticket 817,This is the description for ticket 817.,resolved
Ticket 818,This is the description for ticket 818.,new
Ticket 819,This is the description for ticket 819.,resolved
Ticket 820,This is the description for ticket 820.,closed
Ticket 821,This is the description for ticket 821.,in_progress
Ticket 822,This is the description for ticket 822.,closed
Ticket 823,This is the description for ticket 823.,resolved
Ticket 824,This is the description for ticket 824.,closed
Ticket 825,This is the description for ticket 825.,closed
Ticket 826,This is the description for ticket 826.,new
Ticket 827,This is the description for ticket 827.,closed
Ticket 828,This is the description for ticket 828.,closed
Ticket 829,This is the description for ticket 829.,new
Ticket 830,This is the description for ticket 830.,resolved
Ticket 831,This is the description for ticket 831.,closed
Ticket 832,This is the description for ticket 832.,in_progress
Ticket 833,This is the description for ticket 833.,in_progress
Ticket 834,This is the description for ticket 834.,in_progress
Ticket 835,This is the description for ticket 835.,in_progress
Ticket 836,This is the description for ticket 836.,in_progress
Ticket 837,This is the description for ticket 837.,resolved
Ticket 838,This is the description for ticket 838.,closed
Ticket 839,This is the description for ticket 839.,closed
Ticket 840,This is the description for ticket 840.,new
Ticket 841,This is the description for ticket 841.,in_progress
Ticket 842,This is the description for ticket 842.,new
Ticket 843,This is the description for ticket 843.,resolved
Ticket 844,This is the description for ticket 844.,new
Ticket 845,This is the description for ticket 845.,closed
Ticket 846,This is the description for ticket 846.,resolved
Ticket 847,This is the description for ticket 847.,resolved
Ticket 848,This is the description for ticket 848.,new
Ticket 849,This is the description for ticket 849.,in_progress
Ticket 850,This is the description for ticket 850.,in_progress
Ticket 851,This is the description for ticket 851.,closed
Ticket 852,This is the description for ticket 852.,in_progress
Ticket 853,This is the description for ticket 853.,new
Ticket 854,This is the description for ticket 854.,closed
Ticket 855,This is the description for ticket 855.,resolved
Ticket 856,This is the description for ticket 856.,in_progress
Ticket 857,This is the description for ticket 857.,resolved
Ticket 858,This is the description for ticket 858.,closed
Ticket 859,This is the description for ticket 859.,resolved
Ticket 860,This is the description for ticket 860.,new
Ticket 861,This is the description for ticket 861.,in_progress
Ticket 862,This is the description for ticket 862.,new
Ticket 863,This is the description for ticket 863.,resolved
Ticket 864,This is the description for ticket 864.,closed
Ticket 865,This is the description for ticket 865.,new
Ticket 866,This is the description for ticket 866.,new
Ticket 867,This is the description for ticket 867.,new
Ticket 868,This is the description for ticket 868.,in_progress
Ticket 869,This is the description for ticket 869.,new
Ticket 870,This is the description for ticket 870.,closed
Ticket 871,This is the description for ticket 871.,resolved
Ticket 872,This is the description for ticket 872.,resolved
Ticket 873,This is the description for ticket 873.,closed
Ticket 874,This is the description for ticket 874.,resolved
Ticket 875,This is the description for ticket 875.,in_progress
Ticket 876,This is the description for ticket 876.,closed
Ticket 877,This is the description for ticket 877.,resolved
Ticket 878,This is the description for ticket 878.,new
Ticket 879,This is the description for ticket 879.,resolved
Ticket 880,This is the description for ticket 880.,new
Ticket 881,This is the description for ticket 881.,closed
Ticket 882,This is the description for ticket 882.,closed
Ticket 883,This is the description for ticket 883.,new
Ticket 884,This is the description for ticket 884.,in_progress
Ticket 885,This is the description for ticket 885.,closed
Ticket 886,This is the description for ticket 886.,in_progress
Ticket 887,This is the description for ticket 887.,in_progress
Ticket 888,This is the description for ticket 888.,in_progress
Ticket 889,This is the description for ticket 889.,new
Ticket 890,This is the description for ticket 890.,new
Ticket 891,This is the description for ticket 891.,resolved
Ticket 892,This is the description for ticket 892.,closed
Ticket 893,This is the description for ticket 893.,closed
Ticket 894,This is the description for ticket 894.,in_progress
Ticket 895,This is the description for ticket 895.,new
Ticket 896,This is the description for ticket 896.,closed
Ticket 897,This is the description for ticket 897.,closed
Ticket 898,This is the description for ticket 898.,new
Ticket 899,This is the description for ticket 899.,resolved
Ticket 900,This is the description for ticket 900.,closed
Ticket 901,This is the description for ticket 901.,resolved
Ticket 902,This is the description for ticket 902.,new
Ticket 903,This is the description for ticket 903.,in_progress
Ticket 904,This is the description for ticket 904.,closed
Ticket 905,This is the description for ticket 905.,new
Ticket 906,This is the description for ticket 906.,resolved
Ticket 907,This is the description for ticket 907.,new
Ticket 908,This is the description for ticket 908.,in_progress
Ticket 909,This is the description for ticket 909.,closed
Ticket 910,This is the description for ticket 910.,resolved
Ticket 911,This is the description for ticket 911.,resolved
Ticket 912,This is the description for ticket 912.,new
Ticket 913,This is the description for ticket 913.,resolved
Ticket 914,This is the description for ticket 914.,new
Ticket 915,This is the description for ticket 915.,in_progress
Ticket 916,This is the description for ticket 916.,new
Ticket 917,This is the description for ticket 917.,resolved
Ticket 918,This is the description for ticket 918.,closed
Ticket 919,This is the description for ticket 919.,resolved
Ticket 920,This is the description for ticket 920.,in_progress
Ticket 921,This is the description for ticket 921.,new
Ticket 922,This is the description for ticket 922.,in_progress
Ticket 923,This is the description for ticket 923.,in_progress
Ticket 924,This is the description for ticket 924.,in_progress
Ticket 925,This is the description for ticket 925.,in_progress
Ticket 926,This is the description for ticket 926.,new
Ticket 927,This is the description for ticket 927.,new
Ticket 928,This is the description for ticket 928.,in_progress
Ticket 929,This is the description for ticket 929.,in_progress
Ticket 930,This is the description for ticket 930.,resolved
Ticket 931,This is the description for ticket 931.,resolved
Ticket 932,This is the description for ticket 932.,new
Ticket 933,This is the description for ticket 933.,resolved
Ticket 934,This is the description for ticket 934.,new
Ticket 935,This is the description for ticket 935.,resolved
Ticket 936,This is the description for ticket 936.,closed
Ticket 937,This is the description for ticket 937.,resolved
Ticket 938,This is the description for ticket 938.,in_progress
Ticket 939,This is the description for ticket 939.,in_progress
Ticket 940,This is the description for ticket 940.,closed
Ticket 941,This is the description for ticket 941.,in_progress
Ticket 942,This is the description for ticket 942.,resolved
Ticket 943,This is the description for ticket 943.,new
Ticket 944,This is the description for ticket 944.,closed
Ticket 945,This is the description for ticket 945.,new
Ticket 946,This is the description for ticket 946.,in_progress
Ticket 947,This is the description for ticket 947.,new
Ticket 948,This is the description for ticket 948.,closed
Ticket 949,This is the description for ticket 949.,closed
Ticket 950,This is the description for ticket 950.,closed
Ticket 951,This is the description for ticket 951.,closed
Ticket 952,This is the description for ticket 952.,in_progress
Ticket 953,This is the description for ticket 953.,closed
Ticket 954,This is the description for ticket 954.,new
Ticket 955,This is the description for ticket 955.,resolved
Ticket 956,This is the description for ticket 956.,closed
Ticket 957,This is the description for ticket 957.,new
Ticket 958,This is the description for ticket 958.,in_progress
Ticket 959,This is the description for ticket 959.,resolved
Ticket 960,This is the description for ticket 960.,in_progress
Ticket 961,This is the description for ticket 961.,resolved
Ticket 962,This is the description for ticket 962.,new
Ticket 963,This is the description for ticket 963.,closed
Ticket 964,This is the description for ticket 964.,resolved
Ticket 965,This is the description for ticket 965.,new
Ticket 966,This is the description for ticket 966.,in_progress
Ticket 967,This is the description for ticket 967.,closed
Ticket 968,This is the description for ticket 968.,new
Ticket 969,This is the description for ticket 969.,resolved
Ticket 970,This is the description for ticket 970.,in_progress
Ticket 971,This is the description for ticket 971.,in_progress
Ticket 972,This is the description for ticket 972.,in_progress
Ticket 973,This is the description for ticket 973.,in_progress
Ticket 974,This is the description for ticket 974.,closed
Ticket 975,This is the description for ticket 975.,closed
Ticket 976,This is the description for ticket 976.,new
Ticket 977,This is the description for ticket 977.,resolved
Ticket 978,This is the description for ticket 978.,closed
Ticket 979,This is the description for ticket 979.,resolved
Ticket 980,This is the description for ticket 980.,new
Ticket 981,This is the description for ticket 981.,new
Ticket 982,This is the description for ticket 982.,new
Ticket 983,This is the description for ticket 983.,new
Ticket 984,This is the description for ticket 984.,resolved
Ticket 985,This is the description for ticket 985.,resolved
Ticket 986,This is the description for ticket 986.,new
Ticket 987,This is the description for ticket 987.,in_progress
Ticket 988,This is the description for ticket 988.,resolved
Ticket 989,This is the description for ticket 989.,new
Ticket 990,This is the description for ticket 990.,new
Ticket 991,This is the description for ticket 991.,resolved
Ticket 992,This is the description for ticket 992.,resolved
Ticket 993,This is the description for ticket 993.,resolved
Ticket 994,This is the description for ticket 994.,resolved
Ticket 995,This is the description for ticket 995.,resolved
Ticket 996,This is the description for ticket 996.,new
Ticket 997,This is the description for ticket 997.,in_progress
Ticket 998,This is the description for ticket 998.,new
Ticket 999,This is the description for ticket 999.,new
Ticket 1000,This is the description for ticket 1000.,resolved
